movieId,rating_count,avg_rating,title,genres,weighted_score
318,317,4.429022082018927,"Shawshank Redemption, The (1994)",Crime|Drama,4.3026644391848725
2959,218,4.272935779816514,Fight Club (1999),Action|Crime|Drama|Thriller,4.129021825301672
858,192,4.2890625,"Godfather, The (1972)",Crime|Drama,4.126354748681191
260,251,4.231075697211155,Star Wars: Episode IV - A New Hope (1977),Action|Adventure|Sci-Fi,4.109893186647335
296,307,4.197068403908795,Pulp Fiction (1994),Comedy|Crime|Drama|Thriller,4.0996578408427125
50,204,4.237745098039215,"Usual Suspects, The (1995)",Crime|Mystery|Thriller,4.092826177877354
527,220,4.225,Schindler's List (1993),Drama|War,4.091029071040178
2571,278,4.192446043165468,"Matrix, The (1999)",Action|Sci-Fi|Thriller,4.087127588966
1196,211,4.2156398104265405,Star Wars: Episode V - The Empire Strikes Back (1980),Action|Adventure|Sci-Fi,4.078842334026239
356,329,4.164133738601824,Forrest Gump (1994),Comedy|Drama|Romance|War,4.076722557205404
1198,200,4.2075,Raiders of the Lost Ark (Indiana Jones and the Raiders of the Lost Ark) (1981),Action|Adventure,4.066311396723393
593,279,4.161290322580645,"Silence of the Lambs, The (1991)",Crime|Horror|Thriller,4.061026897206225
58559,149,4.238255033557047,"Dark Knight, The (2008)",Action|Crime|Drama|IMAX,4.053155021009286
1221,129,4.25968992248062,"Godfather: Part II, The (1974)",Crime|Drama,4.047920945144402
1197,142,4.232394366197183,"Princess Bride, The (1987)",Action|Adventure|Comedy|Fantasy|Romance,4.042072131150251
1213,126,4.25,Goodfellas (1990),Crime|Drama,4.037374143073001
2329,129,4.217054263565892,American History X (1998),Crime|Drama,4.017194688161163
48516,107,4.252336448598131,"Departed, The (2006)",Crime|Drama|Thriller,4.013234708158268
1193,133,4.203007518796992,One Flew Over the Cuckoo's Nest (1975),Drama,4.01135436710846
2028,188,4.1462765957446805,Saving Private Ryan (1998),Action|Drama|War,4.010831299079193
1089,131,4.202290076335878,Reservoir Dogs (1992),Crime|Mystery|Thriller,4.008717398789217
1210,196,4.137755102040816,Star Wars: Episode VI - Return of the Jedi (1983),Action|Adventure|Sci-Fi,4.0084465413855614
750,97,4.268041237113402,Dr. Strangelove or: How I Learned to Stop Worrying and Love the Bomb (1964),Comedy|War,4.007332307352708
912,100,4.24,Casablanca (1942),Drama|Romance,3.993852327872321
1208,107,4.219626168224299,Apocalypse Now (1979),Action|Drama|War,3.990941714527695
7153,185,4.118918918918919,"Lord of the Rings: The Return of the King, The (2003)",Action|Adventure|Drama|Fantasy,3.987565315663184
1136,136,4.161764705882353,Monty Python and the Holy Grail (1975),Adventure|Comedy|Fantasy,3.98428951172499
4993,198,4.106060606060606,"Lord of the Rings: The Fellowship of the Ring, The (2001)",Adventure|Fantasy,3.9841848757292255
608,181,4.116022099447513,Fargo (1996),Comedy|Crime|Drama|Thriller,3.983020992124883
4973,120,4.183333333333334,"Amelie (Fabuleux destin d'Amélie Poulain, Le) (2001)",Comedy|Romance,3.982810877534401
7361,131,4.1603053435114505,Eternal Sunshine of the Spotless Mind (2004),Drama|Romance|Sci-Fi,3.978330658457725
904,84,4.261904761904762,Rear Window (1954),Mystery|Thriller,3.978192904334687
4226,159,4.122641509433962,Memento (2000),Mystery|Thriller,3.9740566946452063
3147,111,4.148648648648648,"Green Mile, The (1999)",Crime|Drama,3.9476885042288696
2858,204,4.056372549019608,American Beauty (1999),Drama|Romance,3.9471568865387727
110,237,4.031645569620253,Braveheart (1995),Action|Drama|War,3.939295641745116
541,124,4.100806451612903,Blade Runner (1982),Action|Sci-Fi|Thriller,3.928608328625564
4011,93,4.155913978494624,Snatch (2000),Comedy|Crime|Thriller,3.927117826439497
1704,141,4.078014184397163,Good Will Hunting (1997),Drama|Romance,3.927109158014911
79132,143,4.066433566433567,Inception (2010),Action|Crime|Drama|Mystery|Sci-Fi|Thriller|IMAX,3.9200924828023216
1270,171,4.038011695906433,Back to the Future (1985),Adventure|Comedy|Sci-Fi,3.916641851497051
5618,87,4.155172413793103,Spirited Away (Sen to Chihiro no kamikakushi) (2001),Adventure|Animation|Fantasy,3.9166266363565554
2324,88,4.1477272727272725,Life Is Beautiful (La Vita è bella) (1997),Comedy|Drama|Romance|War,3.9136076027597686
1225,76,4.184210526315789,Amadeus (1984),Drama,3.913316263340064
5952,188,4.0212765957446805,"Lord of the Rings: The Two Towers, The (2002)",Adventure|Fantasy,3.912091803280874
1276,57,4.271929824561403,Cool Hand Luke (1967),Drama,3.91194251570886
111,104,4.105769230769231,Taxi Driver (1976),Crime|Drama|Thriller,3.909596423252261
68157,88,4.136363636363637,Inglourious Basterds (2009),Action|Drama|War,3.906361225948175
1291,140,4.046428571428572,Indiana Jones and the Last Crusade (1989),Action|Adventure,3.903041311478148
1222,102,4.098039215686274,Full Metal Jacket (1987),Drama|War,3.901827955137158
1258,109,4.08256880733945,"Shining, The (1980)",Horror,3.899860686672001
457,190,3.992105263157895,"Fugitive, The (1993)",Thriller,3.8899077049202
6016,75,4.1466666666666665,City of God (Cidade de Deus) (2002),Action|Adventure|Crime|Drama|Thriller,3.888622793446785
1252,59,4.211864406779661,Chinatown (1974),Crime|Film-Noir|Mystery|Thriller,3.8860353135857615
2502,94,4.090425531914893,Office Space (1999),Comedy|Crime,3.885957285978112
589,224,3.970982142857143,Terminator 2: Judgment Day (1991),Action|Sci-Fi,3.8853206174483503
1201,72,4.145833333333333,"Good, the Bad and the Ugly, The (Buono, il brutto, il cattivo, Il) (1966)",Action|Adventure|Western,3.881785649023345
47,203,3.975369458128079,Seven (a.k.a. Se7en) (1995),Mystery|Thriller,3.8817306291733127
293,133,4.018796992481203,Léon: The Professional (a.k.a. The Professional) (Léon) (1994),Action|Crime|Drama|Thriller,3.877474585687695
60069,104,4.057692307692308,WALL·E (2008),Adventure|Animation|Children|Romance|Sci-Fi,3.877128890784728
32,177,3.983050847457627,Twelve Monkeys (a.k.a. 12 Monkeys) (1995),Mystery|Sci-Fi|Thriller,3.8769949303121054
1617,97,4.061855670103093,L.A. Confidential (1997),Crime|Film-Noir|Mystery|Thriller,3.871277885584
1199,59,4.177966101694915,Brazil (1985),Fantasy|Sci-Fi,3.867686689732552
908,57,4.184210526315789,North by Northwest (1959),Action|Adventure|Mystery|Romance|Thriller,3.865213543746244
778,102,4.03921568627451,Trainspotting (1996),Comedy|Crime|Drama,3.862354270926632
4995,123,4.0,"Beautiful Mind, A (2001)",Drama|Romance,3.855941324744787
1206,120,3.995833333333333,"Clockwork Orange, A (1971)",Crime|Drama|Sci-Fi|Thriller,3.8504579363579294
1214,146,3.969178082191781,Alien (1979),Horror|Sci-Fi,3.849886985616572
1203,57,4.149122807017544,12 Angry Men (1957),Drama,3.846521954961197
1247,79,4.063291139240507,"Graduate, The (1967)",Comedy|Drama|Romance,3.845564722332156
364,172,3.941860465116279,"Lion King, The (1994)",Adventure|Animation|Children|Drama|Musical|IMAX,3.8426930143281446
68954,105,4.004761904761905,Up (2009),Adventure|Animation|Children|Drama,3.842437736650633
1,215,3.92093023255814,Toy Story (1995),Adventure|Animation|Children|Comedy|Fantasy,3.841803204456031
6377,141,3.9609929078014185,Finding Nemo (2003),Adventure|Animation|Children|Comedy,3.8407217234599376
3578,170,3.9382352941176473,Gladiator (2000),Action|Adventure|Drama,3.8389902235493096
1219,83,4.036144578313253,Psycho (1960),Crime|Horror,3.835171798352241
6874,131,3.9618320610687023,Kill Bill: Vol. 1 (2003),Action|Crime|Thriller,3.8346842496179456
1207,58,4.120689655172414,To Kill a Mockingbird (1962),Drama,3.8340541590819273
1200,126,3.9642857142857135,Aliens (1986),Action|Adventure|Horror|Sci-Fi,3.832828688527546
4878,109,3.981651376146789,Donnie Darko (2001),Drama|Mystery|Sci-Fi|Thriller,3.830678296734893
1265,143,3.944055944055944,Groundhog Day (1993),Comedy|Fantasy|Romance,3.829418907672788
1387,91,4.0054945054945055,Jaws (1975),Action|Horror,3.82679325660176
1259,91,4.0054945054945055,Stand by Me (1986),Adventure|Drama,3.82679325660176
48780,90,4.005555555555556,"Prestige, The (2006)",Drama|Mystery|Sci-Fi|Thriller,3.825556065577487
78499,55,4.109090909090909,Toy Story 3 (2010),Adventure|Animation|Children|Comedy|Fantasy|IMAX,3.819789039817601
6711,74,4.033783783783784,Lost in Translation (2003),Comedy|Drama|Romance,3.819176203071356
2542,67,4.052238805970149,"Lock, Stock & Two Smoking Barrels (1998)",Comedy|Crime|Thriller,3.8169046938534015
923,69,4.043478260869565,Citizen Kane (1941),Drama|Mystery,3.815780245217211
2762,179,3.893854748603352,"Sixth Sense, The (1999)",Drama|Horror|Mystery,3.808200214763529
8874,77,4.0064935064935066,Shaun of the Dead (2004),Comedy|Horror,3.807699599849198
2997,99,3.954545454545455,Being John Malkovich (1999),Comedy|Drama|Fantasy,3.8025359005426047
2692,75,4.0,Run Lola Run (Lola rennt) (1998),Action|Crime,3.800622793446785
6,102,3.946078431372549,Heat (1995),Action|Crime|Thriller,3.799854270926633
74458,67,4.022388059701493,Shutter Island (2010),Drama|Mystery|Thriller,3.799810676759385
112852,59,4.050847457627119,Guardians of the Galaxy (2014),Action|Adventure|Sci-Fi,3.79887935028301
91529,76,3.9934210526315774,"Dark Knight Rises, The (2012)",Action|Adventure|Crime|IMAX,3.798236898260699
5989,115,3.921739130434783,Catch Me If You Can (2002),Crime|Drama,3.794411207156655
1288,66,4.015151515151516,This Is Spinal Tap (1984),Comedy,3.793774561903863
109487,73,3.993150684931507,Interstellar (2014),Sci-Fi|IMAX,3.793315846998765
81845,58,4.043103448275862,"King's Speech, The (2010)",Drama,3.79238749241526
1246,86,3.9593023255813953,Dead Poets Society (1989),Drama,3.7910135969180008
1732,106,3.924528301886793,"Big Lebowski, The (1998)",Comedy|Crime,3.788960571672104
953,58,4.0344827586206895,It's a Wonderful Life (1946),Children|Drama|Fantasy|Romance,3.787757862785631
1240,131,3.896946564885496,"Terminator, The (1984)",Action|Sci-Fi|Thriller,3.787722923651095
1653,86,3.953488372093023,Gattaca (1997),Drama|Sci-Fi|Thriller,3.787337126329765
903,60,4.025,Vertigo (1958),Drama|Mystery|Romance|Thriller,3.787071356189528
1278,69,3.9927536231884058,Young Frankenstein (1974),Comedy|Fantasy,3.786368480511329
4306,170,3.8676470588235294,Shrek (2001),Adventure|Animation|Children|Comedy|Fantasy|Romance,3.784444769003855
1148,56,4.035714285714286,Wallace & Gromit: The Wrong Trousers (1993),Animation|Children|Comedy|Crime,3.783753294158944
3949,96,3.921875,Requiem for a Dream (2000),Drama,3.777930473841425
150,201,3.845771144278607,Apollo 13 (1995),Adventure|Drama|IMAX,3.777202586377881
51255,61,4.0,Hot Fuzz (2007),Action|Comedy|Crime|Mystery,3.7754761187463792
49272,81,3.9444444444444446,Casino Royale (2006),Action|Adventure|Thriller,3.775403428861436
1080,89,3.926966292134832,Monty Python's Life of Brian (1979),Comedy,3.773941361013296
1215,51,4.03921568627451,Army of Darkness (1993),Action|Adventure|Comedy|Fantasy|Horror,3.773048011691565
924,109,3.8944954128440368,2001: A Space Odyssey (1968),Adventure|Drama|Sci-Fi,3.7709298690619377
1090,63,3.984126984126984,Platoon (1986),Drama|War,3.770600435228745
8368,93,3.913978494623656,Harry Potter and the Prisoner of Azkaban (2004),Adventure|Fantasy|IMAX,3.76977516909684
4886,132,3.871212121212121,"Monsters, Inc. (2001)",Adventure|Animation|Children|Comedy|Fantasy,3.7696585119826818
1036,145,3.8620689655172415,Die Hard (1988),Action|Crime|Thriller,3.769629995799221
1234,64,3.9765625,"Sting, The (1973)",Comedy|Crime,3.768226747200422
16,82,3.926829268292683,Casino (1995),Crime|Drama,3.765741281673092
1394,58,3.9913793103448274,Raising Arizona (1987),Comedy,3.7646097146374826
1073,119,3.8739495798319328,Willy Wonka & the Chocolate Factory (1971),Children|Comedy|Fantasy|Musical,3.763774255507977
99114,71,3.943661971830986,Django Unchained (2012),Action|Drama|Western,3.760973960172299
116797,50,4.02,The Imitation Game (2014),Drama|Thriller|War,3.760778491808481
590,164,3.8353658536585367,Dances with Wolves (1990),Adventure|Drama|Western,3.7573731270133086
44191,100,3.885,V for Vendetta (2006),Action|Sci-Fi|Thriller|IMAX,3.7571856612056536
910,50,4.01,Some Like It Hot (1959),Comedy|Crime,3.755778491808481
6502,58,3.974137931034482,28 Days Later (2002),Action|Horror|Sci-Fi,3.755350455378223
7438,110,3.868181818181818,Kill Bill: Vol. 2 (2004),Action|Drama|Thriller,3.753611557380301
33794,116,3.8620689655172415,Batman Begins (2005),Action|Crime|IMAX,3.753481019161736
48774,64,3.9453125,Children of Men (2006),Action|Adventure|Drama|Sci-Fi|Thriller,3.750682887551299
1079,71,3.9225352112676055,"Fish Called Wanda, A (1988)",Comedy|Crime,3.7485772659574224
4262,67,3.9328358208955225,Scarface (1983),Action|Crime|Drama,3.7485286254773342
2194,65,3.938461538461538,"Untouchables, The (1987)",Action|Crime|Drama,3.748503036355201
2804,55,3.9727272727272727,"Christmas Story, A (1983)",Children|Comedy,3.7483604683890297
919,92,3.880434782608696,"Wizard of Oz, The (1939)",Adventure|Children|Fantasy|Musical,3.747027106907381
1035,64,3.9375,"Sound of Music, The (1965)",Musical|Romance,3.746296922639018
1304,62,3.943548387096774,Butch Cassidy and the Sundance Kid (1969),Action|Western,3.746230796257573
1356,91,3.879120879120879,Star Trek: First Contact (1996),Action|Adventure|Sci-Fi|Thriller,3.745232972913816
4963,119,3.8445378151260505,Ocean's Eleven (2001),Crime|Thriller,3.74306419633638
3671,62,3.935483870967742,Blazing Saddles (1974),Comedy|Western,3.741766510543287
223,104,3.855769230769231,Clerks (1994),Comedy,3.740765254421092
8961,125,3.836,"Incredibles, The (2004)",Action|Adventure|Animation|Children|Comedy,3.740444852461989
1610,90,3.8722222222222222,"Hunt for Red October, The (1990)",Action|Adventure|Thriller,3.739841779863201
3114,97,3.860824742268041,Toy Story 2 (1999),Adventure|Animation|Children|Comedy|Fantasy,3.738624824359511
4034,70,3.9,Traffic (2000),Crime|Drama|Thriller,3.733982076507068
2918,109,3.839449541284404,Ferris Bueller's Day Off (1986),Comedy,3.7331940200053335
46578,77,3.883116883116883,Little Miss Sunshine (2006),Adventure|Comedy|Drama,3.7328964502428974
3996,110,3.836363636363637,"Crouching Tiger, Hidden Dragon (Wo hu cang long) (2000)",Action|Drama|Romance,3.7317365573803007
588,183,3.792349726775957,Aladdin (1992),Adventure|Animation|Children|Comedy|Musical,3.72994785056158
3897,83,3.867469879518072,Almost Famous (2000),Drama,3.729908640457505
76093,53,3.943396226415094,How to Train Your Dragon (2010),Adventure|Animation|Children|Fantasy|IMAX,3.7289111570956126
1028,71,3.887323943661972,Mary Poppins (1964),Children|Comedy|Fantasy|Musical,3.7279161089326296
2791,87,3.85632183908046,Airplane! (1980),Comedy,3.726845614458745
1307,85,3.8588235294117648,When Harry Met Sally... (1989),Comedy|Romance,3.7265025865248007
32587,84,3.857142857142857,Sin City (2005),Action|Crime|Film-Noir|Mystery|Thriller,3.724461561051106
55820,64,3.8984375,No Country for Old Men (2007),Crime|Drama,3.724367098077615
7143,62,3.903225806451613,"Last Samurai, The (2003)",Action|Adventure|Drama|War,3.723909367686144
1682,125,3.812,"Truman Show, The (1998)",Comedy|Drama|Sci-Fi,3.723301995319132
34405,50,3.94,Serenity (2005),Action|Adventure|Sci-Fi,3.720778491808481
5418,112,3.8169642857142856,"Bourne Identity, The (2002)",Action|Mystery|Thriller,3.719616352968198
2700,76,3.861842105263158,"South Park: Bigger, Longer and Uncut (1999)",Animation|Comedy|Musical,3.71887181889562
50872,72,3.8680555555555554,Ratatouille (2007),Animation|Children|Drama,3.717851222793837
106782,54,3.9166666666666665,"Wolf of Wall Street, The (2013)",Comedy|Crime|Drama,3.717094703662001
89745,69,3.869565217391304,"Avengers, The (2012)",Action|Adventure|Sci-Fi|IMAX,3.714939909082757
59315,94,3.824468085106383,Iron Man (2008),Action|Adventure|Sci-Fi,3.7123461748670006
69844,58,3.8879310344827593,Harry Potter and the Half-Blood Prince (2009),Adventure|Fantasy|Mystery|Romance|IMAX,3.7090541590819273
6539,149,3.778523489932886,Pirates of the Caribbean: The Curse of the Black Pearl (2003),Action|Adventure|Comedy|Fantasy,3.708933915481649
480,238,3.75,Jurassic Park (1993),Action|Adventure|Sci-Fi|Thriller,3.706867531877944
80463,57,3.8859649122807016,"Social Network, The (2010)",Drama,3.7063350390733465
88125,50,3.91,Harry Potter and the Deathly Hallows: Part 2 (2011),Action|Adventure|Drama|Fantasy|Mystery|IMAX,3.705778491808481
1961,96,3.8072916666666665,Rain Man (1988),Drama,3.702588008088001
4027,94,3.808510638297872,"O Brother, Where Art Thou? (2000)",Adventure|Comedy|Crime,3.701929508200334
595,146,3.7705479452054793,Beauty and the Beast (1991),Animation|Children|Fantasy|Musical|Romance|IMAX,3.701927801943103
1230,58,3.8706896551724137,Annie Hall (1977),Comedy|Romance,3.699794899822668
68358,59,3.864406779661017,Star Trek (2009),Action|Adventure|Sci-Fi|IMAX,3.697961919090349
33166,50,3.89,Crash (2004),Crime|Drama,3.695778491808481
48394,81,3.814814814814815,"Pan's Labyrinth (Laberinto del fauno, El) (2006)",Drama|Fantasy|Thriller,3.695250757105711
54001,58,3.8620689655172415,Harry Potter and the Order of the Phoenix (2007),Adventure|Drama|Fantasy|IMAX,3.695165270193038
71535,53,3.8773584905660377,Zombieland (2009),Action|Comedy|Horror,3.694930574571341
1220,84,3.809523809523809,"Blues Brothers, The (1980)",Action|Comedy|Musical,3.694610814782449
2716,120,3.775,Ghostbusters (a.k.a. Ghost Busters) (1984),Action|Comedy|Sci-Fi,3.694575583416754
7147,69,3.8333333333333335,Big Fish (2003),Drama|Fantasy|Romance,3.693931505721413
1968,113,3.778761061946904,"Breakfast Club, The (1985)",Comedy|Drama,3.693729136078823
36,67,3.835820895522388,Dead Man Walking (1995),Crime|Drama,3.692973069921779
54503,55,3.863636363636364,Superbad (2007),Comedy,3.6912176112461728
73017,58,3.853448275862069,Sherlock Holmes (2009),Action|Crime|Mystery|Thriller,3.690535640563408
1097,122,3.766393442622951,E.T. the Extra-Terrestrial (1982),Children|Drama|Sci-Fi,3.689406099888652
8636,79,3.8037974683544302,Spider-Man 2 (2004),Action|Adventure|Sci-Fi|IMAX,3.686649993649985
40815,71,3.816901408450704,Harry Potter and the Goblet of Fire (2005),Adventure|Fantasy|Thriller|IMAX,3.6865937948830414
1954,64,3.828125,Rocky (1976),Drama,3.684893413867088
63082,71,3.8098591549295775,Slumdog Millionaire (2008),Crime|Drama|Romance,3.682461563478084
2396,92,3.777173913043478,Shakespeare in Love (1998),Comedy|Drama|Romance,3.680125698456677
553,65,3.815384615384616,Tombstone (1993),Action|Drama|Western,3.678937818963896
4896,107,3.7616822429906542,Harry Potter and the Sorcerer's Stone (a.k.a. Harry Potter and the Philosopher's Stone) (2001),Adventure|Children|Fantasy,3.6788398036996695
30707,52,3.8461538461538463,Million Dollar Baby (2004),Drama,3.677233815498511
2947,53,3.839622641509434,Goldfinger (1964),Action|Adventure|Thriller,3.6755130988431857
4848,51,3.843137254901961,Mulholland Drive (2001),Crime|Drama|Film-Noir|Mystery|Thriller,3.6740381107014666
122904,54,3.8333333333333335,Deadpool (2016),Action|Adventure|Comedy|Sci-Fi,3.67382547289277
8665,75,3.786666666666666,"Bourne Supremacy, The (2004)",Action|Crime|Thriller,3.6726227934467848
1527,116,3.7456896551724137,"Fifth Element, The (1997)",Action|Adventure|Comedy|Sci-Fi,3.672155717956916
2078,53,3.830188679245283,"Jungle Book, The (1967)",Animation|Children|Comedy|Musical,3.670658729911146
555,65,3.8,True Romance (1993),Crime|Thriller,3.670242166789983
3552,52,3.826923076923077,Caddyshack (1980),Comedy,3.6674298939298833
337,77,3.7662337662337664,What's Eating Gilbert Grape (1993),Drama,3.662030308510616
2529,56,3.803571428571429,Planet of the Apes (1968),Action|Drama|Sci-Fi,3.661111784724982
4239,51,3.813725490196079,Blow (2001),Crime|Drama,3.659186625552952
17,67,3.776119402985074,Sense and Sensibility (1995),Drama|Romance,3.658785035733744
70286,65,3.776923076923077,District 9 (2009),Mystery|Sci-Fi|Thriller,3.657198688529114
3535,59,3.788135593220339,American Psycho (2000),Crime|Horror|Mystery|Thriller,3.6566775154206246
6942,59,3.788135593220339,Love Actually (2003),Comedy|Drama|Romance,3.6566775154206246
1997,53,3.80188679245283,"Exorcist, The (1973)",Horror|Mystery,3.6560956231150303
96079,50,3.81,Skyfall (2012),Action|Adventure|Thriller|IMAX,3.655778491808481
5010,50,3.81,Black Hawk Down (2001),Action|Drama|War,3.655778491808481
2268,57,3.789473684210526,"Few Good Men, A (1992)",Crime|Drama|Thriller,3.654933169914468
56367,65,3.769230769230769,Juno (2007),Comedy|Drama|Romance,3.6528508624421567
4776,51,3.794117647058824,Training Day (2001),Crime|Drama|Thriller,3.649285635453942
5669,58,3.775862068965517,Bowling for Columbine (2002),Documentary,3.648868973896742
1374,62,3.766129032258065,Star Trek II: The Wrath of Khan (1982),Action|Adventure|Sci-Fi|Thriller,3.648016510543287
1282,53,3.783018867924529,Fantasia (1940),Animation|Children|Fantasy|Musical,3.646386885250952
8641,57,3.771929824561404,Anchorman: The Legend of Ron Burgundy (2004),Comedy,3.645587375521945
3793,133,3.699248120300752,X-Men (2000),Action|Adventure|Sci-Fi,3.645234148529225
109374,52,3.7788461538461537,"Grand Budapest Hotel, The (2014)",Comedy|Drama,3.6429200900083134
2797,91,3.71978021978022,Big (1988),Comedy|Drama|Fantasy|Romance,3.642396093481192
333,50,3.78,Tommy Boy (1995),Comedy,3.640778491808481
1641,56,3.758928571428572,"Full Monty, The (1997)",Comedy|Drama,3.637526879064605
49530,53,3.7641509433962255,Blood Diamond (2006),Action|Adventure|Crime|Drama|Thriller|War,3.636678147386875
6333,76,3.723684210526316,X2: X-Men United (2003),Action|Adventure|Sci-Fi|Thriller,3.635538485562287
4022,100,3.7,Cast Away (2000),Drama,3.633852327872321
3471,60,3.741666666666666,Close Encounters of the Third Kind (1977),Adventure|Drama|Sci-Fi,3.6325259016440734
1784,96,3.6979166666666665,As Good as It Gets (1997),Comedy|Drama|Romance,3.6306701998688222
62,80,3.70625,Mr. Holland's Opus (1995),Drama,3.627521916775754
2291,80,3.7,Edward Scissorhands (1990),Drama|Fantasy|Romance,3.623675762929601
1466,52,3.740384615384616,Donnie Brasco (1997),Crime|Drama,3.62331224687106
54286,81,3.697530864197531,"Bourne Ultimatum, The (2007)",Action|Crime|Thriller,3.622731673136245
1625,77,3.701298701298701,"Game, The (1997)",Drama|Mystery|Thriller,3.6226602297704575
1923,105,3.676190476190476,There's Something About Mary (1998),Comedy|Romance,3.6198570914893424
5218,85,3.6882352941176473,Ice Age (2002),Adventure|Animation|Children|Comedy,3.6190951791173935
474,70,3.692857142857143,In the Line of Fire (1993),Action|Thriller,3.6131487431737344
51662,80,3.68125,300 (2007),Action|Fantasy|War|IMAX,3.6121373013911393
34,128,3.65234375,Babe (1995),Children|Drama,3.609987916746338
3160,52,3.7115384615384617,Magnolia (1999),Drama,3.608606364518119
6870,52,3.7115384615384617,Mystic River (2003),Crime|Drama|Mystery,3.608606364518119
3421,62,3.693548387096774,Animal House (1978),Comedy,3.6078379391147153
4979,68,3.683823529411765,"Royal Tenenbaums, The (2001)",Comedy|Drama,3.606591942210577
235,70,3.678571428571429,Ed Wood (1994),Comedy|Drama,3.604815409840401
2000,75,3.673333333333333,Lethal Weapon (1987),Action|Comedy|Crime|Drama,3.6046227934467847
11,70,3.6714285714285713,"American President, The (1995)",Comedy|Drama|Romance,3.600648743173734
3481,75,3.6666666666666665,High Fidelity (2000),Comedy|Drama|Romance,3.6006227934467847
733,121,3.6404958677685952,"Rock, The (1996)",Action|Adventure|Thriller,3.599870463045896
2916,88,3.653409090909091,Total Recall (1990),Action|Adventure|Sci-Fi|Thriller,3.598390211455421
3911,53,3.688679245283019,Best in Show (2000),Comedy,3.5978431959305643
5445,120,3.6375,Minority Report (2002),Action|Crime|Mystery|Sci-Fi|Thriller,3.597516759887342
2115,108,3.638888888888889,Indiana Jones and the Temple of Doom (1984),Action|Adventure|Fantasy,3.595429425195241
1584,82,3.652439024390244,Contact (1997),Drama|Sci-Fi,3.5952867362185463
161,103,3.6359223300970873,Crimson Tide (1995),Drama|Thriller|War,3.5920120861493343
3052,79,3.645569620253165,Dogma (1999),Adventure|Comedy|Fantasy,3.589750768843784
2599,56,3.6607142857142856,Election (1999),Comedy,3.5856400866117744
69122,76,3.631578947368421,"Hangover, The (2009)",Comedy|Crime,3.5799829300067314
52973,52,3.6538461538461537,Knocked Up (2007),Comedy|Drama|Romance,3.579194599812236
25,76,3.625,Leaving Las Vegas (1995),Drama|Romance,3.576014676038477
349,110,3.604545454545456,Clear and Present Danger (1994),Action|Crime|Drama|Thriller,3.5723615573803005
594,77,3.616883116883117,Snow White and the Seven Dwarfs (1937),Animation|Children|Drama|Fantasy|Musical,3.571479127408253
4246,65,3.623076923076923,Bridget Jones's Diary (2001),Comedy|Drama|Romance,3.570242166789983
72998,97,3.6030927835051534,Avatar (2009),Action|Adventure|Sci-Fi|IMAX,3.5685567971486263
4720,55,3.627272727272728,"Others, The (2001)",Drama|Horror|Mystery|Thriller,3.5674080874366485
5816,102,3.5980392156862746,Harry Potter and the Chamber of Secrets (2002),Adventure|Fantasy,3.5663016393476847
508,66,3.613636363636364,Philadelphia (1993),Drama,3.5653262860417945
6378,59,3.6186440677966094,"Italian Job, The (2003)",Action|Crime,3.5649343961545696
353,64,3.609375,"Crow, The (1994)",Action|Crime|Fantasy|Thriller,3.5620863963232288
1500,59,3.610169491525424,Grosse Pointe Blank (1997),Comedy|Crime|Romance,3.560347240191267
1393,85,3.594117647058824,Jerry Maguire (1996),Drama|Romance,3.559835919858134
2640,61,3.60655737704918,Superman (1978),Action|Adventure|Sci-Fi,3.5592599025301634
8360,92,3.5760869565217392,Shrek 2 (2004),Adventure|Animation|Children|Comedy|Musical|Romance,3.549844008315832
3175,75,3.58,Galaxy Quest (1999),Adventure|Comedy|Sci-Fi,3.548622793446785
4308,55,3.590909090909091,Moulin Rouge (2001),Drama|Musical|Romance,3.548360468389029
2987,97,3.5721649484536084,Who Framed Roger Rabbit? (1988),Adventure|Animation|Children|Comedy|Crime|Fantasy|Mystery,3.5481486338833204
3527,61,3.581967213114754,Predator (1987),Action|Sci-Fi|Thriller,3.5457463890166494
165,144,3.555555555555556,Die Hard: With a Vengeance (1995),Action|Crime|Thriller,3.541638397839423
1639,52,3.576923076923077,Chasing Amy (1997),Comedy|Drama|Romance,3.5399789135377264
2005,57,3.5701754385964914,"Goonies, The (1985)",Action|Adventure|Children|Comedy|Fantasy,3.538110740007926
551,93,3.553763440860215,"Nightmare Before Christmas, The (1993)",Animation|Children|Fantasy|Musical,3.535509434831105
163,66,3.560606060606061,Desperado (1995),Action|Romance|Western,3.5351538722486904
3751,78,3.551282051282051,Chicken Run (2000),Animation|Children|Comedy,3.531858196725376
5349,122,3.540983606557377,Spider-Man (2002),Action|Adventure|Sci-Fi|Thriller,3.52952237895842
35836,74,3.5472972972972974,"40-Year-Old Virgin, The (2005)",Comedy|Romance,3.528853622426195
648,162,3.537037037037037,Mission: Impossible (1996),Action|Adventure|Mystery|Thriller,3.5286690999096613
440,76,3.546052631578948,Dave (1993),Comedy|Romance,3.528395628419429
2395,56,3.544642857142857,Rushmore (1998),Comedy|Drama,3.5243193318947936
1517,100,3.535,Austin Powers: International Man of Mystery (1997),Action|Adventure|Comedy,3.52385232787232
454,101,3.5346534653465347,"Firm, The (1993)",Drama|Thriller,3.5236943654360804
509,61,3.540983606557377,"Piano, The (1993)",Drama|Romance,3.523223866494127
377,171,3.529239766081872,Speed (1994),Action|Romance|Thriller,3.52297669312601
225,52,3.5384615384615383,Disclosure (1994),Drama|Thriller,3.520371070400471
3408,70,3.5285714285714285,Erin Brockovich (2000),Drama,3.517315409840401
2572,54,3.5277777777777777,10 Things I Hate About You (1999),Comedy|Romance,3.5151716267389244
357,103,3.519417475728156,Four Weddings and a Funeral (1994),Comedy|Romance,3.513580713600314
300,81,3.5185185185185186,Quiz Show (1994),Drama,3.512044650235482
2355,92,3.516304347826087,"Bug's Life, A (1998)",Adventure|Animation|Children|Comedy,3.5111116139496343
5956,55,3.518181818181818,Gangs of New York (2002),Crime|Drama,3.510265230293792
1302,56,3.517857142857143,Field of Dreams (1989),Children|Drama|Fantasy,3.510168388498567
8464,50,3.51,Super Size Me (2004),Comedy|Documentary|Drama,3.505778491808481
4816,54,3.509259259259259,Zoolander (2001),Comedy,3.50555624212354
70,55,3.5090909090909093,From Dusk Till Dawn (1996),Action|Comedy|Horror|Thriller,3.505503325531887
34162,58,3.5086206896551726,Wedding Crashers (2005),Comedy|Romance,3.505350455378223
45722,72,3.5069444444444446,Pirates of the Caribbean: Dead Man's Chest (2006),Action|Adventure|Fantasy,3.5047364686954765
2011,87,3.505747126436781,Back to the Future Part II (1989),Adventure|Comedy|Sci-Fi,3.504217877232468
368,74,3.5,Maverick (1994),Adventure|Comedy|Western,3.500627815974582
380,178,3.497191011235955,True Lies (1994),Action|Adventure|Comedy|Romance|Thriller,3.4981484613195093
10,132,3.496212121212121,GoldenEye (1995),Action|Adventure|Thriller,3.49768049000466
21,89,3.49438202247191,Get Shorty (1995),Comedy|Crime|Thriller,3.4969629437471084
141,86,3.494186046511628,"Birdcage, The (1996)",Comedy,3.4968959498591774
2353,67,3.492537313432836,Enemy of the State (1998),Action|Thriller,3.4963918733405817
8644,61,3.4918032786885247,"I, Robot (2004)",Action|Adventure|Sci-Fi|Thriller,3.4961968394671
56174,62,3.4838709677419355,I Am Legend (2007),Action|Horror|Sci-Fi|Thriller|IMAX,3.491766510543287
2321,61,3.4836065573770494,Pleasantville (1998),Comedy|Drama|Fantasy,3.491692334962596
3033,59,3.483050847457627,Spaceballs (1987),Comedy|Sci-Fi,3.4915399007417256
1580,165,3.487878787878788,Men in Black (a.k.a. MIB) (1997),Action|Comedy|Sci-Fi,3.491059763631852
597,135,3.4851851851851854,Pretty Woman (1990),Comedy|Romance,3.489609995572152
3994,73,3.4794520547945207,Unbreakable (2000),Drama|Sci-Fi,3.488437798218277
1127,62,3.475806451612903,"Abyss, The (1989)",Action|Adventure|Sci-Fi|Thriller,3.487302224829001
3081,62,3.475806451612903,Sleepy Hollow (1999),Fantasy|Horror|Mystery|Romance,3.487302224829001
3253,61,3.4754098360655736,Wayne's World (1992),Comedy,3.487187830458091
2174,91,3.4725274725274726,Beetlejuice (1988),Comedy|Fantasy,3.482821625396086
2712,53,3.462264150943396,Eyes Wide Shut (1999),Drama|Mystery|Thriller,3.481338341561632
539,106,3.471698113207548,Sleepless in Seattle (1993),Comedy|Drama|Romance,3.4812682639797954
339,98,3.4693877551020407,While You Were Sleeping (1995),Comedy|Romance,3.480255737708433
2671,56,3.455357142857143,Notting Hill (1999),Comedy|Romance,3.477149520574039
2406,54,3.453703703703704,Romancing the Stone (1984),Action|Adventure|Comedy|Romance,3.4767100882773856
596,60,3.45,Pinocchio (1940),Animation|Children|Fantasy|Musical,3.473434992553164
253,109,3.458715596330275,Interview with the Vampire: The Vampire Chronicles (1994),Drama|Horror,3.472187730697158
59784,54,3.4444444444444446,Kung Fu Panda (2008),Action|Animation|Children|Comedy|IMAX,3.471902395969693
3753,68,3.448529411764706,"Patriot, The (2000)",Action|Drama|War,3.4709987218715943
41566,62,3.443548387096774,"Chronicles of Narnia: The Lion, the Witch and the Wardrobe, The (2005)",Adventure|Children|Fantasy,3.469445081971858
53125,56,3.4375,Pirates of the Caribbean: At World's End (2007),Action|Adventure|Comedy|Fantasy,3.467715558309888
91500,54,3.435185185185185,The Hunger Games (2012),Action|Adventure|Drama|Sci-Fi|Thriller,3.467094703662001
104,99,3.4393939393939394,Happy Gilmore (1996),Comedy,3.460254021347974
1777,56,3.419642857142857,"Wedding Singer, The (1998)",Comedy|Romance,3.4582815960457367
2081,67,3.425373134328358,"Little Mermaid, The (1989)",Animation|Children|Comedy|Musical|Romance,3.457930334879044
33493,78,3.42948717948718,Star Wars: Episode III - Revenge of the Sith (2005),Action|Adventure|Sci-Fi,3.457639446725376
780,202,3.445544554455445,Independence Day (a.k.a. ID4) (1996),Action|Adventure|Sci-Fi|Thriller,3.456658131670032
1645,51,3.411764705882353,The Devil's Advocate (1997),Drama|Mystery|Thriller,3.456216328523249
587,115,3.4347826086956523,Ghost (1990),Comedy|Drama|Fantasy|Romance|Thriller,3.455017267762716
2,110,3.4318181818181817,Jumanji (1995),Adventure|Children|Fantasy,3.453611557380301
292,101,3.4257425742574257,Outbreak (1995),Action|Drama|Sci-Fi|Thriller,3.4508466833168745
2080,55,3.4,Lady and the Tramp (1955),Animation|Children|Comedy|Romance,3.448360468389029
3948,91,3.417582417582417,Meet the Parents (2000),Comedy,3.4473606324882846
1370,68,3.4044117647058822,Die Hard 2 (1990),Action|Adventure|Thriller,3.4455749930580346
6863,66,3.4015151515151514,School of Rock (2003),Comedy|Musical,3.44463663086938
592,189,3.4285714285714284,Batman (1989),Action|Crime|Thriller,3.443840373141624
266,68,3.397058823529412,Legends of the Fall (1994),Drama|Romance|War|Western,3.4413377049224416
708,58,3.3879310344827585,"Truth About Cats & Dogs, The (1996)",Comedy|Romance,3.440535640563408
350,57,3.3859649122807016,"Client, The (1994)",Drama|Mystery|Thriller,3.4399798988864303
1721,140,3.414285714285714,Titanic (1997),Drama|Romance,3.437251837793937
3489,53,3.358490566037736,Hook (1991),Adventure|Comedy|Fantasy,3.427940283309205
329,108,3.3935185185185186,Star Trek: Generations (1994),Adventure|Drama|Sci-Fi,3.4277079062079
45499,52,3.355769230769231,X-Men: The Last Stand (2006),Action|Sci-Fi|Thriller,3.4272338154985107
2167,58,3.362068965517241,Blade (1998),Action|Horror|Thriller,3.42664675167452
2985,70,3.3714285714285714,RoboCop (1987),Action|Crime|Drama|Sci-Fi|Thriller,3.4256487431737344
1573,77,3.3701298701298703,Face/Off (1997),Action|Crime|Drama|Thriller,3.4218728281956547
2105,50,3.34,Tron (1982),Action|Adventure|Sci-Fi,3.420778491808481
2706,103,3.378640776699029,American Pie (1999),Comedy|Romance,3.418809471770249
500,144,3.388888888888889,Mrs. Doubtfire (1993),Comedy|Drama,3.417927057633237
1608,58,3.3448275862068964,Air Force One (1997),Action|Thriller,3.4173874924152603
2012,88,3.3693181818181817,Back to the Future Part III (1990),Adventure|Comedy|Sci-Fi|Western,3.417230791165565
4370,56,3.3392857142857144,A.I. Artificial Intelligence (2001),Adventure|Drama|Sci-Fi,3.415828765857057
48385,65,3.3461538461538463,Borat: Cultural Learnings of America for Make Benefit Glorious Nation of Kazakhstan (2006),Comedy,3.4137204276595483
2657,63,3.3412698412698414,"Rocky Horror Picture Show, The (1975)",Comedy|Horror|Musical|Sci-Fi,3.412193355582726
316,140,3.375,Stargate (1994),Action|Adventure|Sci-Fi,3.408304469372885
6365,96,3.3541666666666665,"Matrix Reloaded, The (2003)",Action|Adventure|Sci-Fi|Thriller|IMAX,3.4046428026085485
1676,80,3.33125,Starship Troopers (1997),Action|Sci-Fi,3.396752686006524
6373,71,3.316901408450704,Bruce Almighty (2003),Comedy|Drama|Fantasy|Romance,3.393205365130976
33679,59,3.2796610169491527,Mr. & Mrs. Smith (2005),Action|Adventure|Comedy|Romance,3.38144815762246
3,52,3.2596153846153846,Grumpier Old Men (1995),Comedy|Romance,3.3782142076553736
1101,83,3.3012048192771086,Top Gun (1986),Action|Romance,3.376525181810888
5299,60,3.2666666666666666,My Big Fat Greek Wedding (2002),Comedy|Romance,3.3734349925531646
736,123,3.321138211382114,Twister (1996),Action|Adventure|Romance|Thriller,3.3732823652072144
2302,59,3.26271186440678,My Cousin Vinny (1992),Comedy,3.372273845695854
145,51,3.2450980392156863,Bad Boys (1995),Action|Comedy|Crime|Drama|Thriller,3.3720579126816643
552,61,3.262295081967213,"Three Musketeers, The (1993)",Action|Adventure|Comedy|Romance,3.370070713340974
39,104,3.293269230769231,Clueless (1995),Comedy|Romance,3.3608951245509617
3717,61,3.221311475409836,Gone in 60 Seconds (2000),Action|Crime,3.3475481908184515
7,54,3.185185185185185,Sabrina (1995),Comedy|Romance,3.3372870113543085
288,92,3.233695652173913,Natural Born Killers (1994),Action|Crime|Thriller,3.328013022400339
2470,57,3.175438596491228,Crocodile Dundee (1986),Adventure|Comedy,3.3278303661761504
34048,50,3.15,War of the Worlds (2005),Action|Adventure|Sci-Fi|Thriller,3.3257784918084807
1407,70,3.2,Scream (1996),Comedy|Horror|Mystery|Thriller,3.3256487431737343
317,81,3.203703703703704,"Santa Clause, The (1994)",Comedy|Drama|Fantasy,3.317388161685863
5502,63,3.1666666666666665,Signs (2002),Horror|Sci-Fi|Thriller,3.3148482228393634
4018,54,3.138888888888889,What Women Want (2000),Comedy|Romance,3.313248549815848
2424,50,3.12,You've Got Mail (1998),Comedy|Romance,3.310778491808481
2100,51,3.117647058823529,Splash (1984),Comedy|Fantasy|Romance,3.3077014770381004
4447,64,3.15625,Legally Blonde (2001),Comedy|Romance,3.3077004314109484
48,68,3.147058823529412,Pocahontas (1995),Animation|Children|Drama|Musical|Romance,3.297269908312272
1380,68,3.139705882352941,Grease (1978),Comedy|Musical|Romance,3.293032620176679
6934,79,3.151898734177215,"Matrix Revolutions, The (2003)",Action|Adventure|Sci-Fi|Thriller|IMAX,3.287425187448435
2683,121,3.1983471074380163,Austin Powers: The Spy Who Shagged Me (1999),Action|Adventure|Comedy,3.287004965969872
520,69,3.130434782608696,Robin Hood: Men in Tights (1993),Comedy,3.286368480511329
168,54,3.083333333333333,First Knight (1995),Action|Drama|Romance,3.284402395969693
2006,60,3.1,"Mask of Zorro, The (1998)",Action|Comedy|Romance,3.2825259016440738
786,64,3.109375,Eraser (1996),Action|Drama|Thriller,3.281384641937264
5378,92,3.157608695652174,Star Wars: Episode II - Attack of the Clones (2002),Action|Adventure|Sci-Fi|IMAX,3.278717247752452
8361,50,3.05,"Day After Tomorrow, The (2004)",Action|Adventure|Drama|Sci-Fi|Thriller,3.275778491808481
653,65,3.0923076923076924,Dragonheart (1996),Action|Adventure|Fantasy,3.270242166789984
370,58,3.060344827586207,Naked Gun 33 1/3: The Final Insult (1994),Action|Comedy,3.2646097146374826
367,157,3.1847133757961785,"Mask, The (1994)",Action|Comedy|Crime|Fantasy,3.2612456482166574
2617,87,3.1206896551724137,"Mummy, The (1999)",Action|Adventure|Comedy|Fantasy|Horror|Thriller,3.259692329787212
4025,64,3.0546875,Miss Congeniality (2000),Comedy|Crime,3.250682887551299
410,84,3.1011904761904763,Addams Family Values (1993),Children|Comedy|Fantasy,3.25058096403618
442,81,3.092592592592593,Demolition Man (1993),Action|Adventure|Sci-Fi,3.248685871609528
1552,59,3.0338983050847457,Con Air (1997),Action|Adventure|Thriller,3.2484206346866795
1391,86,3.0930232558139537,Mars Attacks! (1996),Action|Comedy|Sci-Fi,3.243219479270942
1377,60,3.025,Batman Returns (1992),Action|Crime,3.2416168107349828
30793,61,3.0,Charlie and the Chocolate Factory (2005),Adventure|Children|Comedy|Fantasy|IMAX,3.225926569196829
1485,74,3.033783783783784,Liar Liar (1997),Comedy,3.222402009522969
1917,92,3.0543478260869565,Armageddon (1998),Action|Romance|Sci-Fi|Thriller,3.211815839301747
2628,140,3.107142857142857,Star Wars: Episode I - The Phantom Menace (1999),Action|Adventure|Sci-Fi,3.210936048320253
3785,50,2.92,Scary Movie (2000),Comedy|Horror,3.210778491808481
485,53,2.9339622641509435,Last Action Hero (1993),Action|Adventure|Comedy|Fantasy,3.2094936813674573
5459,61,2.959016393442623,Men in Black II (a.k.a. MIIB) (a.k.a. MIB 2) (2002),Action|Comedy|Sci-Fi,3.2034040466743074
95,84,3.023809523809524,Broken Arrow (1996),Action|Adventure|Thriller,3.202073501349613
434,101,3.0346534653465347,Cliffhanger (1993),Action|Adventure|Thriller,3.189257279343365
185,112,3.040178571428572,"Net, The (1995)",Action|Crime|Thriller,3.1825793159311613
231,133,3.0601503759398496,Dumb & Dumber (Dumb and Dumber) (1994),Adventure|Comedy,3.180753274212285
160,57,2.8771929824561404,Congo (1995),Action|Adventure|Mystery|Sci-Fi,3.168951861503253
466,60,2.8666666666666667,Hot Shots! Part Deux (1993),Action|Comedy|War,3.155253174371346
344,161,3.040372670807453,Ace Ventura: Pet Detective (1994),Comedy,3.149658052989801
586,116,2.9956896551724137,Home Alone (1990),Children|Comedy,3.1480593324147472
2699,53,2.811320754716981,Arachnophobia (1990),Comedy|Horror,3.146386885250952
784,54,2.805555555555556,"Cable Guy, The (1996)",Comedy|Thriller,3.140171626738924
5481,65,2.8461538461538463,Austin Powers in Goldmember (2002),Comedy,3.1311117320073745
158,62,2.806451612903226,Casper (1995),Adventure|Children,3.116766510543287
2710,64,2.796875,"Blair Witch Project, The (1999)",Drama|Horror|Thriller,3.105946045446036
673,53,2.707547169811321,Space Jam (1996),Adventure|Animation|Children|Comedy|Fantasy|Sci-Fi,3.0929888269985253
208,115,2.9130434782608696,Waterworld (1995),Action|Adventure|Sci-Fi,3.091380904126352
420,59,2.720338983050848,Beverly Hills Cop III (1994),Action|Comedy|Crime|Thriller,3.078695864044478
172,53,2.679245283018868,Johnny Mnemonic (1995),Action|Sci-Fi|Thriller,3.078425720202409
1544,67,2.753731343283582,"Lost World: Jurassic Park, The (1997)",Action|Adventure|Sci-Fi|Thriller,3.0733149502636588
2054,68,2.7573529411764706,"Honey, I Shrunk the Kids (1989)",Adventure|Children|Comedy|Fantasy|Sci-Fi,3.072693637125832
153,137,2.916058394160584,Batman Forever (1995),Action|Adventure|Comedy|Crime,3.07260881914892
432,55,2.645454545454545,City Slickers II: The Legend of Curly's Gold (1994),Adventure|Comedy|Western,3.0531223731509343
3977,72,2.7222222222222223,Charlie's Angels (2000),Action|Comedy,3.041621714597116
173,62,2.669354838709677,Judge Dredd (1995),Action|Crime|Sci-Fi,3.0408736534004297
3623,77,2.7142857142857144,Mission: Impossible II (2000),Action|Adventure|Thriller,3.024235032920064
788,82,2.731707317073171,"Nutty Professor, The (1996)",Comedy|Fantasy|Romance|Sci-Fi,3.023317039248849
19,88,2.727272727272727,Ace Ventura: When Nature Calls (1995),Comedy,3.007810501310493
435,63,2.4206349206349205,Coneheads (1993),Comedy|Sci-Fi,2.898919019299541
2701,53,2.207547169811321,Wild Wild West (1999),Action|Comedy|Sci-Fi|Western,2.835707273600467
